1,Dorothy Kidd
2,Andrea Savage
3,Roger Parker
4,Eduardo Graham
5,John Evans
6,Wade Ashley
7,Isla Bishop
8,Daphne Flynn
9,Fiona Griffiths
10,Margot Rivers
11,Barry Lane
12,Maxwell Reading
13,Chad Swan
14,Remy Eyres
15,Isabel Noach
16,Jacqueline Terry
17,Harry Addis
18,Caitlyn Aldridge
19,Julian Hardwick
20,Ember Wheeler
21,Wade Saunders
22,Chester Sherwood
23,Kendra Niles
24,George Dubois
25,Alma Cartwright
26,Sadie Harris
27,Lana Mooney
28,Marina King
29,Mara Styles
30,Gil Edmonds
31,Kieth Drew
32,Mark Radley
33,Rowan Emmott
34,Ronald Drew
35,David Murray
36,Matt Edler
37,Emely Dunbar
38,Russel Stanton
39,Owen Flett
40,Kamila Walton
41,Carl Lindsay
42,Isabella Styles
43,Tony Barrett
44,Hank Cobb
45,Christine Ellwood
46,Rufus Casey
47,Sage Redfern
48,Elisabeth Radley
49,David Butler
50,John Wellington
51,Luke Wise
52,Tony Vollans
53,Francesca Snow
54,Winnie Reyes
55,Luke Curtis
56,Jackeline Wren
57,Sylvia Vass
58,Marie Styles
59,Alexander Eyres
60,Lillian Gonzales
61,Michael Hobson
62,Penelope Riley
63,Aileen Newton
64,Carter Lewis
65,Julia Fulton
66,Abbey Whatson
67,Marina Jenkins
68,Ivy Grey
69,Sofia Redden
70,Karen Rothwell
71,Marigold Vallins
72,Isabel Smith
73,Cadence Mills
74,Percy Douglas
75,Rae Parsons
76,Iris Grant
77,Rachael Aldridge
78,Brad Flanders
79,George Vollans
80,Tom Gavin
81,Tom Bloom
82,Ryan Duvall
83,Carl Radley
84,Jacob Emerson
85,Mason Neville
86,Angel Anderson
87,Audrey Wise
88,Henry Rehman
89,Melania Stanton
90,Jackeline Mould
91,Dasha Dixon
92,Rebecca Furnell
93,Alexander Baker
94,Iris Tindall
95,Daniel Holmes
96,Clint Rossi
97,Elisabeth Vollans
98,Chris Ripley
99,Iris Radcliffe
100,Anais Jeffery
101,Oliver Kelly
102,Tom Blackburn
103,Andrea Weatcroft
104,Erica Dempsey
105,Gloria Randall
106,Davina Yard
107,Victoria Bright
108,Enoch Matthews
109,Erica Fisher
110,Florence Coates
111,Rowan Nelson
112,Cedrick Hill
113,Enoch Cobb
114,Hope Preston
115,Margot Selby
116,Anne Addley
117,Andrea Cassidy
118,Daron Boyle
119,Aiden Sloan
120,Phillip Kaur
121,Rosalyn Little
122,Daron Wade
123,Isla Larsen
124,Domenic Poulton
125,Meredith Chester
126,Alexander Sylvester
